name,label
100_0.wav,1.0
100_1.wav,1.0
100_2.wav,0.0
100_3.wav,0.0
100_4.wav,0.0
101_0.wav,1.0
101_1.wav,1.0
101_2.wav,0.0
101_3.wav,0.0
101_4.wav,0.0
102_0.wav,1.0
102_1.wav,1.0
102_2.wav,0.0
102_3.wav,0.0
102_4.wav,0.0
103_0.wav,1.0
103_1.wav,1.0
103_2.wav,0.0
103_3.wav,0.0
103_4.wav,0.0
104_0.wav,1.0
104_1.wav,1.0
104_2.wav,0.0
104_3.wav,0.0
104_4.wav,0.0
105_0.wav,1.0
105_1.wav,1.0
105_2.wav,0.0
105_3.wav,0.0
105_4.wav,0.0
106_0.wav,1.0
106_1.wav,1.0
106_2.wav,0.0
106_3.wav,0.0
106_4.wav,0.0
107_0.wav,1.0
107_1.wav,1.0
107_2.wav,1.0
107_3.wav,0.0
107_4.wav,0.0
108_0.wav,1.0
108_1.wav,1.0
108_2.wav,0.0
108_3.wav,0.0
108_4.wav,0.0
109_0.wav,1.0
109_1.wav,1.0
109_2.wav,0.0
109_3.wav,0.0
109_4.wav,0.0
110_0.wav,1.0
110_1.wav,1.0
110_2.wav,0.0
110_3.wav,0.0
110_4.wav,0.0
111_0.wav,1.0
111_1.wav,1.0
111_2.wav,0.0
111_3.wav,0.0
111_4.wav,0.0
112_0.wav,1.0
112_1.wav,1.0
112_2.wav,0.0
112_3.wav,0.0
112_4.wav,0.0
113_0.wav,0.0
113_1.wav,1.0
113_2.wav,1.0
113_3.wav,1.0
113_4.wav,1.0
114_0.wav,0.0
114_1.wav,1.0
114_2.wav,1.0
114_3.wav,1.0
114_4.wav,1.0
115_0.wav,0.0
115_1.wav,1.0
115_2.wav,1.0
115_3.wav,1.0
115_4.wav,1.0
116_0.wav,0.0
116_1.wav,1.0
116_2.wav,1.0
116_3.wav,1.0
116_4.wav,1.0
117_0.wav,1.0
117_1.wav,1.0
117_2.wav,1.0
117_3.wav,1.0
117_4.wav,1.0
118_0.wav,1.0
118_1.wav,1.0
118_2.wav,1.0
118_3.wav,1.0
118_4.wav,1.0
119_0.wav,1.0
119_1.wav,1.0
119_2.wav,1.0
119_3.wav,1.0
119_4.wav,1.0
120_0.wav,1.0
120_1.wav,1.0
120_2.wav,1.0
120_3.wav,1.0
120_4.wav,1.0
121_0.wav,0.0
121_1.wav,0.0
121_2.wav,0.0
121_3.wav,1.0
121_4.wav,1.0
122_0.wav,0.0
122_1.wav,0.0
122_2.wav,0.0
122_3.wav,1.0
122_4.wav,1.0
123_0.wav,0.0
123_1.wav,0.0
123_2.wav,0.0
123_3.wav,1.0
123_4.wav,1.0
124_0.wav,0.0
124_1.wav,0.0
124_2.wav,0.0
124_3.wav,1.0
124_4.wav,1.0
125_0.wav,0.0
125_1.wav,0.0
125_2.wav,0.0
125_3.wav,1.0
125_4.wav,1.0
126_0.wav,0.0
126_1.wav,0.0
126_2.wav,0.0
126_3.wav,1.0
126_4.wav,1.0
127_0.wav,0.0
127_1.wav,0.0
127_2.wav,0.0
127_3.wav,1.0
127_4.wav,1.0
128_0.wav,0.0
128_1.wav,0.0
128_2.wav,0.0
128_3.wav,1.0
128_4.wav,1.0
129_0.wav,0.0
129_1.wav,0.0
129_2.wav,0.0
129_3.wav,1.0
129_4.wav,1.0
130_0.wav,0.0
130_1.wav,0.0
130_2.wav,0.0
130_3.wav,1.0
130_4.wav,1.0
131_0.wav,0.0
131_1.wav,0.0
131_2.wav,0.0
131_3.wav,1.0
131_4.wav,1.0
132_0.wav,0.0
132_1.wav,0.0
132_2.wav,0.0
132_3.wav,1.0
132_4.wav,1.0
133_0.wav,0.0
133_1.wav,0.0
133_2.wav,0.0
133_3.wav,1.0
133_4.wav,1.0
134_0.wav,0.0
134_1.wav,0.0
134_2.wav,0.0
134_3.wav,1.0
134_4.wav,1.0
135_0.wav,0.0
135_1.wav,0.0
135_2.wav,0.0
135_3.wav,1.0
135_4.wav,1.0
136_0.wav,0.0
136_1.wav,0.0
136_2.wav,0.0
136_3.wav,1.0
136_4.wav,1.0
137_0.wav,1.0
137_1.wav,1.0
137_2.wav,0.0
137_3.wav,0.0
137_4.wav,0.0
138_0.wav,1.0
138_1.wav,1.0
138_2.wav,0.0
138_3.wav,0.0
138_4.wav,0.0
139_0.wav,1.0
139_1.wav,1.0
139_2.wav,0.0
139_3.wav,0.0
139_4.wav,0.0
140_0.wav,1.0
140_1.wav,1.0
140_2.wav,0.0
140_3.wav,0.0
140_4.wav,0.0
141_0.wav,1.0
141_1.wav,1.0
141_2.wav,0.0
141_3.wav,0.0
141_4.wav,0.0
142_0.wav,1.0
142_1.wav,1.0
142_2.wav,0.0
142_3.wav,0.0
142_4.wav,0.0
143_0.wav,1.0
143_1.wav,1.0
143_2.wav,0.0
143_3.wav,0.0
143_4.wav,0.0
144_0.wav,1.0
144_1.wav,1.0
144_2.wav,0.0
144_3.wav,0.0
144_4.wav,0.0
145_0.wav,0.0
145_1.wav,0.0
145_2.wav,0.0
145_3.wav,0.0
145_4.wav,1.0
146_0.wav,0.0
146_1.wav,0.0
146_2.wav,0.0
146_3.wav,0.0
146_4.wav,1.0
147_0.wav,0.0
147_1.wav,0.0
147_2.wav,0.0
147_3.wav,0.0
147_4.wav,1.0
148_0.wav,0.0
148_1.wav,0.0
148_2.wav,0.0
148_3.wav,0.0
148_4.wav,1.0
149_0.wav,0.0
149_1.wav,0.0
149_2.wav,0.0
149_3.wav,1.0
149_4.wav,1.0
150_0.wav,0.0
150_1.wav,0.0
150_2.wav,0.0
150_3.wav,1.0
150_4.wav,1.0
151_0.wav,0.0
151_1.wav,0.0
151_2.wav,0.0
151_3.wav,1.0
151_4.wav,1.0
1513_0.wav,1.0
1513_1.wav,1.0
1513_2.wav,1.0
1513_3.wav,0.0
1513_4.wav,0.0
1514_0.wav,1.0
1514_1.wav,1.0
1514_2.wav,1.0
1514_3.wav,0.0
1514_4.wav,0.0
1515_0.wav,1.0
1515_1.wav,1.0
1515_2.wav,1.0
1515_3.wav,0.0
1515_4.wav,0.0
1516_0.wav,1.0
1516_1.wav,1.0
1516_2.wav,1.0
1516_3.wav,0.0
1516_4.wav,0.0
152_0.wav,0.0
152_1.wav,0.0
152_2.wav,0.0
152_3.wav,1.0
152_4.wav,1.0
1521_0.wav,1.0
1521_1.wav,1.0
1521_2.wav,1.0
1521_3.wav,1.0
1521_4.wav,0.0
1522_0.wav,1.0
1522_1.wav,1.0
1522_2.wav,1.0
1522_3.wav,1.0
1522_4.wav,0.0
1523_0.wav,1.0
1523_1.wav,1.0
1523_2.wav,1.0
1523_3.wav,1.0
1523_4.wav,0.0
1524_0.wav,1.0
1524_1.wav,1.0
1524_2.wav,1.0
1524_3.wav,1.0
1524_4.wav,0.0
1525_0.wav,0.0
1525_1.wav,1.0
1525_2.wav,1.0
1525_3.wav,1.0
1525_4.wav,1.0
1526_0.wav,0.0
1526_1.wav,1.0
1526_2.wav,1.0
1526_3.wav,1.0
1526_4.wav,1.0
1527_0.wav,0.0
1527_1.wav,1.0
1527_2.wav,1.0
1527_3.wav,1.0
1527_4.wav,1.0
1528_0.wav,0.0
1528_1.wav,1.0
1528_2.wav,1.0
1528_3.wav,1.0
1528_4.wav,1.0
1529_0.wav,0.0
1529_1.wav,1.0
1529_2.wav,1.0
1529_3.wav,0.0
1529_4.wav,0.0
153_0.wav,0.0
153_1.wav,1.0
153_2.wav,1.0
153_3.wav,1.0
153_4.wav,0.0
1530_0.wav,0.0
1530_1.wav,1.0
1530_2.wav,1.0
1530_3.wav,0.0
1530_4.wav,0.0
1531_0.wav,0.0
1531_1.wav,1.0
1531_2.wav,1.0
1531_3.wav,0.0
1531_4.wav,0.0
1532_0.wav,0.0
1532_1.wav,1.0
1532_2.wav,1.0
1532_3.wav,0.0
1532_4.wav,0.0
1533_0.wav,1.0
1533_1.wav,1.0
1533_2.wav,1.0
1533_3.wav,1.0
1533_4.wav,0.0
1534_0.wav,1.0
1534_1.wav,1.0
1534_2.wav,1.0
1534_3.wav,1.0
1534_4.wav,0.0
1535_0.wav,1.0
1535_1.wav,1.0
1535_2.wav,1.0
1535_3.wav,1.0
1535_4.wav,0.0
1536_0.wav,1.0
1536_1.wav,1.0
1536_2.wav,1.0
1536_3.wav,0.0
1536_4.wav,0.0
1537_0.wav,0.0
1537_1.wav,1.0
1537_2.wav,1.0
1537_3.wav,1.0
1537_4.wav,1.0
1538_0.wav,0.0
1538_1.wav,1.0
1538_2.wav,1.0
1538_3.wav,1.0
1538_4.wav,1.0
1539_0.wav,0.0
1539_1.wav,1.0
1539_2.wav,1.0
1539_3.wav,1.0
1539_4.wav,1.0
154_0.wav,0.0
154_1.wav,1.0
154_2.wav,1.0
154_3.wav,1.0
154_4.wav,0.0
1540_0.wav,0.0
1540_1.wav,1.0
1540_2.wav,1.0
1540_3.wav,1.0
1540_4.wav,1.0
1541_0.wav,0.0
1541_1.wav,1.0
1541_2.wav,1.0
1541_3.wav,1.0
1541_4.wav,0.0
1542_0.wav,0.0
1542_1.wav,1.0
1542_2.wav,1.0
1542_3.wav,1.0
1542_4.wav,0.0
1543_0.wav,0.0
1543_1.wav,1.0
1543_2.wav,1.0
1543_3.wav,1.0
1543_4.wav,0.0
1544_0.wav,0.0
1544_1.wav,1.0
1544_2.wav,1.0
1544_3.wav,1.0
1544_4.wav,0.0
1545_0.wav,1.0
1545_1.wav,1.0
1545_2.wav,1.0
1545_3.wav,1.0
1545_4.wav,1.0
1546_0.wav,1.0
1546_1.wav,1.0
1546_2.wav,1.0
1546_3.wav,1.0
1546_4.wav,1.0
1547_0.wav,1.0
1547_1.wav,1.0
1547_2.wav,1.0
1547_3.wav,1.0
1547_4.wav,1.0
1548_0.wav,1.0
1548_1.wav,1.0
1548_2.wav,1.0
1548_3.wav,1.0
1548_4.wav,1.0
1549_0.wav,0.0
1549_1.wav,1.0
1549_2.wav,1.0
1549_3.wav,0.0
1549_4.wav,0.0
155_0.wav,0.0
155_1.wav,1.0
155_2.wav,1.0
155_3.wav,1.0
155_4.wav,0.0
1550_0.wav,0.0
1550_1.wav,1.0
1550_2.wav,1.0
1550_3.wav,0.0
1550_4.wav,0.0
1551_0.wav,0.0
1551_1.wav,1.0
1551_2.wav,1.0
1551_3.wav,0.0
1551_4.wav,0.0
1552_0.wav,0.0
1552_1.wav,1.0
1552_2.wav,1.0
1552_3.wav,0.0
1552_4.wav,0.0
1553_0.wav,1.0
1553_1.wav,1.0
1553_2.wav,1.0
1553_3.wav,0.0
1553_4.wav,1.0
1554_0.wav,1.0
1554_1.wav,1.0
1554_2.wav,1.0
1554_3.wav,0.0
1554_4.wav,1.0
1555_0.wav,1.0
1555_1.wav,1.0
1555_2.wav,1.0
1555_3.wav,0.0
1555_4.wav,1.0
1556_0.wav,1.0
1556_1.wav,1.0
1556_2.wav,1.0
1556_3.wav,0.0
1556_4.wav,1.0
1557_0.wav,0.0
1557_1.wav,1.0
1557_2.wav,1.0
1557_3.wav,0.0
1557_4.wav,1.0
1558_0.wav,0.0
1558_1.wav,1.0
1558_2.wav,1.0
1558_3.wav,0.0
1558_4.wav,1.0
1559_0.wav,0.0
1559_1.wav,1.0
1559_2.wav,1.0
1559_3.wav,0.0
1559_4.wav,1.0
156_0.wav,0.0
156_1.wav,1.0
156_2.wav,1.0
156_3.wav,1.0
156_4.wav,0.0
1560_0.wav,0.0
1560_1.wav,1.0
1560_2.wav,1.0
1560_3.wav,0.0
1560_4.wav,1.0
1561_0.wav,0.0
1561_1.wav,1.0
1561_2.wav,1.0
1561_3.wav,1.0
1561_4.wav,0.0
1562_0.wav,0.0
1562_1.wav,1.0
1562_2.wav,1.0
1562_3.wav,1.0
1562_4.wav,0.0
1563_0.wav,0.0
1563_1.wav,1.0
1563_2.wav,1.0
1563_3.wav,1.0
1563_4.wav,0.0
1564_0.wav,0.0
1564_1.wav,1.0
1564_2.wav,1.0
1564_3.wav,1.0
1564_4.wav,0.0
1565_0.wav,0.0
1565_1.wav,1.0
1565_2.wav,1.0
1565_3.wav,0.0
1565_4.wav,0.0
1566_0.wav,0.0
1566_1.wav,1.0
1566_2.wav,1.0
1566_3.wav,0.0
1566_4.wav,0.0
1567_0.wav,0.0
1567_1.wav,1.0
1567_2.wav,1.0
1567_3.wav,0.0
1567_4.wav,0.0
1568_0.wav,0.0
1568_1.wav,1.0
1568_2.wav,1.0
1568_3.wav,0.0
1568_4.wav,0.0
1569_0.wav,1.0
1569_1.wav,1.0
1569_2.wav,1.0
1569_3.wav,1.0
1569_4.wav,0.0
157_0.wav,0.0
157_1.wav,1.0
157_2.wav,0.0
157_3.wav,1.0
157_4.wav,1.0
1570_0.wav,1.0
1570_1.wav,1.0
1570_2.wav,1.0
1570_3.wav,1.0
1570_4.wav,0.0
1571_0.wav,1.0
1571_1.wav,1.0
1571_2.wav,1.0
1571_3.wav,1.0
1571_4.wav,0.0
1572_0.wav,1.0
1572_1.wav,1.0
1572_2.wav,1.0
1572_3.wav,1.0
1572_4.wav,0.0
1573_0.wav,1.0
1573_1.wav,1.0
1573_2.wav,0.0
1573_3.wav,0.0
1573_4.wav,0.0
1574_0.wav,1.0
1574_1.wav,1.0
1574_2.wav,0.0
1574_3.wav,0.0
1574_4.wav,0.0
1575_0.wav,1.0
1575_1.wav,1.0
1575_2.wav,0.0
1575_3.wav,0.0
1575_4.wav,0.0
1576_0.wav,1.0
1576_1.wav,1.0
1576_2.wav,0.0
1576_3.wav,0.0
1576_4.wav,0.0
1577_0.wav,0.0
1577_1.wav,1.0
1577_2.wav,1.0
1577_3.wav,0.0
1577_4.wav,0.0
1578_0.wav,0.0
1578_1.wav,1.0
1578_2.wav,1.0
1578_3.wav,0.0
1578_4.wav,0.0
1579_0.wav,0.0
1579_1.wav,1.0
1579_2.wav,1.0
1579_3.wav,0.0
1579_4.wav,0.0
158_0.wav,1.0
158_1.wav,1.0
158_2.wav,0.0
158_3.wav,1.0
158_4.wav,1.0
1580_0.wav,0.0
1580_1.wav,1.0
1580_2.wav,1.0
1580_3.wav,0.0
1580_4.wav,0.0
1581_0.wav,0.0
1581_1.wav,1.0
1581_2.wav,1.0
1581_3.wav,1.0
1581_4.wav,0.0
1582_0.wav,0.0
1582_1.wav,1.0
1582_2.wav,1.0
1582_3.wav,1.0
1582_4.wav,0.0
1583_0.wav,0.0
1583_1.wav,1.0
1583_2.wav,1.0
1583_3.wav,1.0
1583_4.wav,0.0
1584_0.wav,0.0
1584_1.wav,1.0
1584_2.wav,1.0
1584_3.wav,1.0
1584_4.wav,1.0
1585_0.wav,0.0
1585_1.wav,1.0
1585_2.wav,1.0
1585_3.wav,1.0
1585_4.wav,1.0
1586_0.wav,0.0
1586_1.wav,1.0
1586_2.wav,1.0
1586_3.wav,1.0
1586_4.wav,1.0
1587_0.wav,0.0
1587_1.wav,1.0
1587_2.wav,1.0
1587_3.wav,1.0
1587_4.wav,1.0
1588_0.wav,0.0
1588_1.wav,1.0
1588_2.wav,1.0
1588_3.wav,1.0
1588_4.wav,1.0
1589_0.wav,0.0
1589_1.wav,1.0
1589_2.wav,1.0
1589_3.wav,1.0
1589_4.wav,1.0
159_0.wav,1.0
159_1.wav,1.0
159_2.wav,0.0
159_3.wav,1.0
159_4.wav,1.0
1590_0.wav,0.0
1590_1.wav,1.0
1590_2.wav,1.0
1590_3.wav,1.0
1590_4.wav,1.0
1591_0.wav,0.0
1591_1.wav,1.0
1591_2.wav,1.0
1591_3.wav,1.0
1591_4.wav,1.0
1592_0.wav,0.0
1592_1.wav,1.0
1592_2.wav,1.0
1592_3.wav,1.0
1592_4.wav,1.0
1593_0.wav,0.0
1593_1.wav,1.0
1593_2.wav,1.0
1593_3.wav,0.0
1593_4.wav,1.0
1594_0.wav,0.0
1594_1.wav,1.0
1594_2.wav,1.0
1594_3.wav,0.0
1594_4.wav,1.0
1595_0.wav,0.0
1595_1.wav,1.0
1595_2.wav,1.0
1595_3.wav,0.0
1595_4.wav,1.0
1596_0.wav,0.0
1596_1.wav,1.0
1596_2.wav,1.0
1596_3.wav,0.0
1596_4.wav,1.0
1597_0.wav,0.0
1597_1.wav,1.0
1597_2.wav,1.0
1597_3.wav,1.0
1597_4.wav,1.0
1598_0.wav,0.0
1598_1.wav,1.0
1598_2.wav,1.0
1598_3.wav,1.0
1598_4.wav,1.0
1599_0.wav,0.0
1599_1.wav,1.0
1599_2.wav,1.0
1599_3.wav,1.0
1599_4.wav,1.0
160_0.wav,0.0
160_1.wav,1.0
160_2.wav,0.0
160_3.wav,1.0
160_4.wav,1.0
1600_0.wav,0.0
1600_1.wav,1.0
1600_2.wav,1.0
1600_3.wav,1.0
1600_4.wav,1.0
1601_0.wav,0.0
1601_1.wav,1.0
1601_2.wav,1.0
1601_3.wav,0.0
1601_4.wav,0.0
1602_0.wav,0.0
1602_1.wav,1.0
1602_2.wav,1.0
1602_3.wav,0.0
1602_4.wav,0.0
1603_0.wav,0.0
1603_1.wav,1.0
1603_2.wav,1.0
1603_3.wav,0.0
1603_4.wav,0.0
1604_0.wav,0.0
1604_1.wav,1.0
1604_2.wav,1.0
1604_3.wav,0.0
1604_4.wav,0.0
1605_0.wav,1.0
1605_1.wav,1.0
1605_2.wav,1.0
1605_3.wav,0.0
1605_4.wav,0.0
1606_0.wav,1.0
1606_1.wav,1.0
1606_2.wav,1.0
1606_3.wav,0.0
1606_4.wav,0.0
1607_0.wav,1.0
1607_1.wav,1.0
1607_2.wav,1.0
1607_3.wav,0.0
1607_4.wav,0.0
1608_0.wav,1.0
1608_1.wav,1.0
1608_2.wav,1.0
1608_3.wav,0.0
1608_4.wav,0.0
1609_0.wav,0.0
1609_1.wav,0.0
1609_2.wav,1.0
1609_3.wav,1.0
1609_4.wav,0.0
161_0.wav,0.0
161_1.wav,1.0
161_2.wav,1.0
161_3.wav,1.0
161_4.wav,1.0
1610_0.wav,0.0
1610_1.wav,0.0
1610_2.wav,1.0
1610_3.wav,1.0
1610_4.wav,0.0
1611_0.wav,0.0
1611_1.wav,0.0
1611_2.wav,1.0
1611_3.wav,1.0
1611_4.wav,0.0
1612_0.wav,0.0
1612_1.wav,0.0
1612_2.wav,1.0
1612_3.wav,1.0
1612_4.wav,0.0
1613_0.wav,0.0
1613_1.wav,1.0
1613_2.wav,1.0
1613_3.wav,1.0
1613_4.wav,1.0
1614_0.wav,0.0
1614_1.wav,1.0
1614_2.wav,1.0
1614_3.wav,1.0
1614_4.wav,1.0
1615_0.wav,0.0
1615_1.wav,1.0
1615_2.wav,1.0
1615_3.wav,1.0
1615_4.wav,1.0
1616_0.wav,0.0
1616_1.wav,1.0
1616_2.wav,1.0
1616_3.wav,1.0
1616_4.wav,1.0
1617_0.wav,0.0
1617_1.wav,0.0
1617_2.wav,1.0
1617_3.wav,1.0
1617_4.wav,1.0
1618_0.wav,0.0
1618_1.wav,0.0
1618_2.wav,1.0
1618_3.wav,1.0
1618_4.wav,1.0
1619_0.wav,0.0
1619_1.wav,0.0
1619_2.wav,1.0
1619_3.wav,1.0
1619_4.wav,1.0
162_0.wav,0.0
162_1.wav,1.0
162_2.wav,1.0
162_3.wav,1.0
162_4.wav,1.0
1620_0.wav,0.0
1620_1.wav,0.0
1620_2.wav,1.0
1620_3.wav,1.0
1620_4.wav,1.0
1621_0.wav,1.0
1621_1.wav,1.0
1621_2.wav,1.0
1621_3.wav,1.0
1621_4.wav,1.0
1622_0.wav,1.0
1622_1.wav,1.0
1622_2.wav,1.0
1622_3.wav,1.0
1622_4.wav,1.0
1623_0.wav,1.0
1623_1.wav,1.0
1623_2.wav,1.0
1623_3.wav,1.0
1623_4.wav,1.0
1624_0.wav,1.0
1624_1.wav,1.0
1624_2.wav,1.0
1624_3.wav,1.0
1624_4.wav,1.0
1625_0.wav,1.0
1625_1.wav,1.0
1625_2.wav,1.0
1625_3.wav,1.0
1625_4.wav,1.0
1626_0.wav,1.0
1626_1.wav,1.0
1626_2.wav,1.0
1626_3.wav,1.0
1626_4.wav,1.0
1627_0.wav,1.0
1627_1.wav,1.0
1627_2.wav,1.0
1627_3.wav,1.0
1627_4.wav,1.0
1628_0.wav,1.0
1628_1.wav,1.0
1628_2.wav,1.0
1628_3.wav,1.0
1628_4.wav,1.0
1629_0.wav,1.0
1629_1.wav,1.0
1629_2.wav,1.0
1629_3.wav,1.0
1629_4.wav,0.0
163_0.wav,0.0
163_1.wav,1.0
163_2.wav,1.0
163_3.wav,1.0
163_4.wav,1.0
1630_0.wav,1.0
1630_1.wav,1.0
1630_2.wav,1.0
1630_3.wav,1.0
1630_4.wav,0.0
1631_0.wav,1.0
1631_1.wav,1.0
1631_2.wav,1.0
1631_3.wav,1.0
1631_4.wav,0.0
1632_0.wav,1.0
1632_1.wav,1.0
1632_2.wav,1.0
1632_3.wav,1.0
1632_4.wav,0.0
1633_0.wav,1.0
1633_1.wav,1.0
1633_2.wav,1.0
1633_3.wav,0.0
1633_4.wav,0.0
1634_0.wav,1.0
1634_1.wav,1.0
1634_2.wav,1.0
1634_3.wav,0.0
1634_4.wav,0.0
1635_0.wav,1.0
1635_1.wav,1.0
1635_2.wav,1.0
1635_3.wav,0.0
1635_4.wav,0.0
1636_0.wav,1.0
1636_1.wav,1.0
1636_2.wav,1.0
1636_3.wav,0.0
1636_4.wav,0.0
1637_0.wav,1.0
1637_1.wav,1.0
1637_2.wav,1.0
1637_3.wav,1.0
1637_4.wav,0.0
1638_0.wav,1.0
1638_1.wav,1.0
1638_2.wav,1.0
1638_3.wav,1.0
1638_4.wav,0.0
1639_0.wav,1.0
1639_1.wav,1.0
1639_2.wav,1.0
1639_3.wav,1.0
1639_4.wav,0.0
164_0.wav,0.0
164_1.wav,1.0
164_2.wav,1.0
164_3.wav,1.0
164_4.wav,1.0
1640_0.wav,1.0
1640_1.wav,1.0
1640_2.wav,1.0
1640_3.wav,1.0
1640_4.wav,0.0
1641_0.wav,1.0
1641_1.wav,1.0
1641_2.wav,1.0
1641_3.wav,1.0
1641_4.wav,1.0
1642_0.wav,1.0
1642_1.wav,1.0
1642_2.wav,1.0
1642_3.wav,1.0
1642_4.wav,1.0
1643_0.wav,1.0
1643_1.wav,1.0
1643_2.wav,1.0
1643_3.wav,1.0
1643_4.wav,1.0
1644_0.wav,1.0
1644_1.wav,1.0
1644_2.wav,1.0
1644_3.wav,1.0
1644_4.wav,1.0
1645_0.wav,0.0
1645_1.wav,1.0
1645_2.wav,1.0
1645_3.wav,1.0
1645_4.wav,1.0
1646_0.wav,0.0
1646_1.wav,1.0
1646_2.wav,1.0
1646_3.wav,1.0
1646_4.wav,1.0
1647_0.wav,0.0
1647_1.wav,1.0
1647_2.wav,1.0
1647_3.wav,1.0
1647_4.wav,1.0
1648_0.wav,0.0
1648_1.wav,1.0
1648_2.wav,1.0
1648_3.wav,1.0
1648_4.wav,1.0
1649_0.wav,0.0
1649_1.wav,1.0
1649_2.wav,1.0
1649_3.wav,1.0
1649_4.wav,1.0
165_0.wav,0.0
165_1.wav,1.0
165_2.wav,1.0
165_3.wav,0.0
165_4.wav,1.0
1650_0.wav,0.0
1650_1.wav,1.0
1650_2.wav,1.0
1650_3.wav,1.0
1650_4.wav,1.0
1651_0.wav,0.0
1651_1.wav,1.0
1651_2.wav,1.0
1651_3.wav,1.0
1651_4.wav,1.0
1652_0.wav,0.0
1652_1.wav,1.0
1652_2.wav,1.0
1652_3.wav,1.0
1652_4.wav,1.0
1653_0.wav,0.0
1653_1.wav,0.0
1653_2.wav,1.0
1653_3.wav,1.0
1653_4.wav,0.0
1654_0.wav,0.0
1654_1.wav,0.0
1654_2.wav,1.0
1654_3.wav,1.0
1654_4.wav,0.0
1655_0.wav,0.0
1655_1.wav,0.0
1655_2.wav,1.0
1655_3.wav,1.0
1655_4.wav,0.0
1656_0.wav,0.0
1656_1.wav,0.0
1656_2.wav,1.0
1656_3.wav,1.0
1656_4.wav,0.0
1657_0.wav,0.0
1657_1.wav,1.0
1657_2.wav,1.0
1657_3.wav,1.0
1657_4.wav,1.0
1658_0.wav,0.0
1658_1.wav,1.0
1658_2.wav,1.0
1658_3.wav,1.0
1658_4.wav,1.0
1659_0.wav,0.0
1659_1.wav,1.0
1659_2.wav,1.0
1659_3.wav,1.0
1659_4.wav,1.0
166_0.wav,0.0
166_1.wav,1.0
166_2.wav,1.0
166_3.wav,0.0
166_4.wav,1.0
1660_0.wav,0.0
1660_1.wav,1.0
1660_2.wav,1.0
1660_3.wav,1.0
1660_4.wav,1.0
1661_0.wav,0.0
1661_1.wav,1.0
1661_2.wav,1.0
1661_3.wav,0.0
1661_4.wav,1.0
1662_0.wav,1.0
1662_1.wav,1.0
1662_2.wav,1.0
1662_3.wav,0.0
1662_4.wav,1.0
1663_0.wav,1.0
1663_1.wav,1.0
1663_2.wav,1.0
1663_3.wav,0.0
1663_4.wav,1.0
1664_0.wav,0.0
1664_1.wav,1.0
1664_2.wav,1.0
1664_3.wav,0.0
1664_4.wav,1.0
1665_0.wav,1.0
1665_1.wav,1.0
1665_2.wav,1.0
1665_3.wav,1.0
1665_4.wav,1.0
1666_0.wav,1.0
1666_1.wav,1.0
1666_2.wav,1.0
1666_3.wav,1.0
1666_4.wav,1.0
1667_0.wav,1.0
1667_1.wav,1.0
1667_2.wav,1.0
1667_3.wav,1.0
1667_4.wav,1.0
1668_0.wav,1.0
1668_1.wav,1.0
1668_2.wav,1.0
1668_3.wav,1.0
1668_4.wav,1.0
1669_0.wav,0.0
1669_1.wav,1.0
1669_2.wav,1.0
1669_3.wav,0.0
1669_4.wav,0.0
167_0.wav,0.0
167_1.wav,1.0
167_2.wav,1.0
167_3.wav,0.0
167_4.wav,1.0
1670_0.wav,0.0
1670_1.wav,1.0
1670_2.wav,1.0
1670_3.wav,0.0
1670_4.wav,0.0
1671_0.wav,0.0
1671_1.wav,1.0
1671_2.wav,1.0
1671_3.wav,0.0
1671_4.wav,0.0
1672_0.wav,0.0
1672_1.wav,1.0
1672_2.wav,1.0
1672_3.wav,0.0
1672_4.wav,0.0
1673_0.wav,1.0
1673_1.wav,1.0
1673_2.wav,1.0
1673_3.wav,1.0
1673_4.wav,0.0
1674_0.wav,1.0
1674_1.wav,1.0
1674_2.wav,1.0
1674_3.wav,1.0
1674_4.wav,0.0
1675_0.wav,1.0
1675_1.wav,1.0
1675_2.wav,1.0
1675_3.wav,1.0
1675_4.wav,0.0
1676_0.wav,1.0
1676_1.wav,1.0
1676_2.wav,1.0
1676_3.wav,1.0
1676_4.wav,0.0
1677_0.wav,0.0
1677_1.wav,0.0
1677_2.wav,1.0
1677_3.wav,1.0
1677_4.wav,0.0
1678_0.wav,0.0
1678_1.wav,0.0
1678_2.wav,1.0
1678_3.wav,1.0
1678_4.wav,0.0
1679_0.wav,0.0
1679_1.wav,0.0
1679_2.wav,1.0
1679_3.wav,1.0
1679_4.wav,0.0
168_0.wav,0.0
168_1.wav,1.0
168_2.wav,1.0
168_3.wav,0.0
168_4.wav,1.0
1680_0.wav,0.0
1680_1.wav,0.0
1680_2.wav,1.0
1680_3.wav,1.0
1680_4.wav,0.0
1681_0.wav,0.0
1681_1.wav,0.0
1681_2.wav,1.0
1681_3.wav,1.0
1681_4.wav,0.0
1682_0.wav,0.0
1682_1.wav,0.0
1682_2.wav,1.0
1682_3.wav,1.0
1682_4.wav,0.0
1683_0.wav,0.0
1683_1.wav,0.0
1683_2.wav,1.0
1683_3.wav,1.0
1683_4.wav,0.0
1684_0.wav,0.0
1684_1.wav,0.0
1684_2.wav,1.0
1684_3.wav,1.0
1684_4.wav,0.0
1685_0.wav,0.0
1685_1.wav,1.0
1685_2.wav,1.0
1685_3.wav,0.0
1685_4.wav,1.0
1686_0.wav,0.0
1686_1.wav,1.0
1686_2.wav,1.0
1686_3.wav,0.0
1686_4.wav,1.0
1687_0.wav,0.0
1687_1.wav,1.0
1687_2.wav,1.0
1687_3.wav,0.0
1687_4.wav,1.0
1688_0.wav,0.0
1688_1.wav,1.0
1688_2.wav,1.0
1688_3.wav,0.0
1688_4.wav,1.0
1689_0.wav,0.0
1689_1.wav,1.0
1689_2.wav,1.0
1689_3.wav,0.0
1689_4.wav,0.0
169_0.wav,0.0
169_1.wav,1.0
169_2.wav,1.0
169_3.wav,0.0
169_4.wav,1.0
1690_0.wav,0.0
1690_1.wav,1.0
1690_2.wav,1.0
1690_3.wav,0.0
1690_4.wav,0.0
1691_0.wav,0.0
1691_1.wav,1.0
1691_2.wav,1.0
1691_3.wav,0.0
1691_4.wav,0.0
1692_0.wav,0.0
1692_1.wav,1.0
1692_2.wav,1.0
1692_3.wav,0.0
1692_4.wav,0.0
1693_0.wav,0.0
1693_1.wav,0.0
1693_2.wav,1.0
1693_3.wav,1.0
1693_4.wav,0.0
1694_0.wav,0.0
1694_1.wav,0.0
1694_2.wav,1.0
1694_3.wav,1.0
1694_4.wav,0.0
1695_0.wav,0.0
1695_1.wav,0.0
1695_2.wav,1.0
1695_3.wav,1.0
1695_4.wav,0.0
1696_0.wav,0.0
1696_1.wav,0.0
1696_2.wav,1.0
1696_3.wav,1.0
1696_4.wav,0.0
1697_0.wav,0.0
1697_1.wav,1.0
1697_2.wav,1.0
1697_3.wav,1.0
1697_4.wav,0.0
1698_0.wav,0.0
1698_1.wav,1.0
1698_2.wav,1.0
1698_3.wav,1.0
1698_4.wav,0.0
1699_0.wav,0.0
1699_1.wav,1.0
1699_2.wav,1.0
1699_3.wav,1.0
1699_4.wav,0.0
170_0.wav,0.0
170_1.wav,1.0
170_2.wav,1.0
170_3.wav,0.0
170_4.wav,1.0
1700_0.wav,0.0
1700_1.wav,1.0
1700_2.wav,1.0
1700_3.wav,1.0
1700_4.wav,0.0
1701_0.wav,0.0
1701_1.wav,0.0
1701_2.wav,1.0
1701_3.wav,1.0
1701_4.wav,0.0
1702_0.wav,0.0
1702_1.wav,0.0
1702_2.wav,1.0
1702_3.wav,1.0
1702_4.wav,0.0
1703_0.wav,0.0
1703_1.wav,0.0
1703_2.wav,1.0
1703_3.wav,1.0
1703_4.wav,0.0
1704_0.wav,0.0
1704_1.wav,0.0
1704_2.wav,1.0
1704_3.wav,1.0
1704_4.wav,0.0
1705_0.wav,0.0
1705_1.wav,1.0
1705_2.wav,1.0
1705_3.wav,1.0
1705_4.wav,0.0
1706_0.wav,0.0
1706_1.wav,1.0
1706_2.wav,1.0
1706_3.wav,1.0
1706_4.wav,0.0
1707_0.wav,0.0
1707_1.wav,1.0
1707_2.wav,1.0
1707_3.wav,1.0
1707_4.wav,0.0
1708_0.wav,0.0
1708_1.wav,1.0
1708_2.wav,1.0
1708_3.wav,1.0
1708_4.wav,0.0
1709_0.wav,1.0
1709_1.wav,1.0
1709_2.wav,1.0
1709_3.wav,1.0
1709_4.wav,0.0
171_0.wav,0.0
171_1.wav,1.0
171_2.wav,1.0
171_3.wav,0.0
171_4.wav,1.0
1710_0.wav,1.0
1710_1.wav,1.0
1710_2.wav,1.0
1710_3.wav,1.0
1710_4.wav,0.0
1711_0.wav,1.0
1711_1.wav,1.0
1711_2.wav,1.0
1711_3.wav,1.0
1711_4.wav,0.0
1712_0.wav,1.0
1712_1.wav,1.0
1712_2.wav,1.0
1712_3.wav,1.0
1712_4.wav,0.0
1713_0.wav,1.0
1713_1.wav,1.0
1713_2.wav,1.0
1713_3.wav,1.0
1713_4.wav,0.0
1714_0.wav,1.0
1714_1.wav,1.0
1714_2.wav,1.0
1714_3.wav,1.0
1714_4.wav,0.0
1715_0.wav,1.0
1715_1.wav,1.0
1715_2.wav,1.0
1715_3.wav,1.0
1715_4.wav,0.0
1716_0.wav,1.0
1716_1.wav,1.0
1716_2.wav,1.0
1716_3.wav,1.0
1716_4.wav,0.0
1717_0.wav,0.0
1717_1.wav,1.0
1717_2.wav,1.0
1717_3.wav,0.0
1717_4.wav,0.0
1718_0.wav,0.0
1718_1.wav,1.0
1718_2.wav,1.0
1718_3.wav,0.0
1718_4.wav,0.0
1719_0.wav,0.0
1719_1.wav,1.0
1719_2.wav,1.0
1719_3.wav,0.0
1719_4.wav,0.0
172_0.wav,0.0
172_1.wav,1.0
172_2.wav,1.0
172_3.wav,0.0
172_4.wav,1.0
1720_0.wav,0.0
1720_1.wav,1.0
1720_2.wav,1.0
1720_3.wav,0.0
1720_4.wav,0.0
1721_0.wav,0.0
1721_1.wav,1.0
1721_2.wav,1.0
1721_3.wav,0.0
1721_4.wav,0.0
1722_0.wav,0.0
1722_1.wav,1.0
1722_2.wav,1.0
1722_3.wav,0.0
1722_4.wav,0.0
1723_0.wav,0.0
1723_1.wav,1.0
1723_2.wav,1.0
1723_3.wav,0.0
1723_4.wav,0.0
1724_0.wav,0.0
1724_1.wav,1.0
1724_2.wav,1.0
1724_3.wav,0.0
1724_4.wav,0.0
1725_0.wav,0.0
1725_1.wav,1.0
1725_2.wav,1.0
1725_3.wav,0.0
1725_4.wav,0.0
1726_0.wav,0.0
1726_1.wav,1.0
1726_2.wav,1.0
1726_3.wav,0.0
1726_4.wav,0.0
1727_0.wav,0.0
1727_1.wav,1.0
1727_2.wav,1.0
1727_3.wav,0.0
1727_4.wav,0.0
1728_0.wav,0.0
1728_1.wav,1.0
1728_2.wav,1.0
1728_3.wav,0.0
1728_4.wav,0.0
173_0.wav,0.0
173_1.wav,1.0
173_2.wav,1.0
173_3.wav,0.0
173_4.wav,1.0
174_0.wav,0.0
174_1.wav,1.0
174_2.wav,1.0
174_3.wav,1.0
174_4.wav,1.0
175_0.wav,0.0
175_1.wav,1.0
175_2.wav,1.0
175_3.wav,0.0
175_4.wav,1.0
176_0.wav,0.0
176_1.wav,1.0
176_2.wav,1.0
176_3.wav,0.0
176_4.wav,1.0
177_0.wav,0.0
177_1.wav,1.0
177_2.wav,1.0
177_3.wav,0.0
177_4.wav,0.0
178_0.wav,0.0
178_1.wav,1.0
178_2.wav,1.0
178_3.wav,0.0
178_4.wav,0.0
179_0.wav,1.0
179_1.wav,1.0
179_2.wav,1.0
179_3.wav,0.0
179_4.wav,0.0
180_0.wav,0.0
180_1.wav,1.0
180_2.wav,1.0
180_3.wav,0.0
180_4.wav,0.0
181_0.wav,0.0
181_1.wav,1.0
181_2.wav,1.0
181_3.wav,1.0
181_4.wav,1.0
182_0.wav,0.0
182_1.wav,1.0
182_2.wav,1.0
182_3.wav,1.0
182_4.wav,1.0
183_0.wav,0.0
183_1.wav,1.0
183_2.wav,1.0
183_3.wav,1.0
183_4.wav,1.0
184_0.wav,0.0
184_1.wav,1.0
184_2.wav,1.0
184_3.wav,1.0
184_4.wav,1.0
185_0.wav,0.0
185_1.wav,1.0
185_2.wav,1.0
185_3.wav,1.0
185_4.wav,1.0
186_0.wav,0.0
186_1.wav,1.0
186_2.wav,1.0
186_3.wav,1.0
186_4.wav,1.0
187_0.wav,0.0
187_1.wav,1.0
187_2.wav,1.0
187_3.wav,1.0
187_4.wav,1.0
188_0.wav,0.0
188_1.wav,1.0
188_2.wav,1.0
188_3.wav,1.0
188_4.wav,1.0
189_0.wav,0.0
189_1.wav,1.0
189_2.wav,1.0
189_3.wav,1.0
189_4.wav,1.0
190_0.wav,0.0
190_1.wav,1.0
190_2.wav,1.0
190_3.wav,1.0
190_4.wav,1.0
191_0.wav,0.0
191_1.wav,1.0
191_2.wav,1.0
191_3.wav,1.0
191_4.wav,1.0
192_0.wav,0.0
192_1.wav,1.0
192_2.wav,1.0
192_3.wav,1.0
192_4.wav,1.0
193_0.wav,0.0
193_1.wav,1.0
193_2.wav,1.0
193_3.wav,0.0
193_4.wav,0.0
194_0.wav,0.0
194_1.wav,1.0
194_2.wav,1.0
194_3.wav,0.0
194_4.wav,0.0
195_0.wav,0.0
195_1.wav,1.0
195_2.wav,1.0
195_3.wav,0.0
195_4.wav,0.0
196_0.wav,0.0
196_1.wav,1.0
196_2.wav,1.0
196_3.wav,0.0
196_4.wav,0.0
197_0.wav,0.0
197_1.wav,1.0
197_2.wav,1.0
197_3.wav,0.0
197_4.wav,1.0
198_0.wav,0.0
198_1.wav,1.0
198_2.wav,1.0
198_3.wav,0.0
198_4.wav,1.0
199_0.wav,0.0
199_1.wav,1.0
199_2.wav,1.0
199_3.wav,0.0
199_4.wav,1.0
200_0.wav,0.0
200_1.wav,1.0
200_2.wav,1.0
200_3.wav,0.0
200_4.wav,1.0
201_0.wav,1.0
201_1.wav,1.0
201_2.wav,1.0
201_3.wav,1.0
201_4.wav,1.0
202_0.wav,1.0
202_1.wav,1.0
202_2.wav,1.0
202_3.wav,1.0
202_4.wav,1.0
203_0.wav,1.0
203_1.wav,1.0
203_2.wav,1.0
203_3.wav,1.0
203_4.wav,1.0
204_0.wav,1.0
204_1.wav,1.0
204_2.wav,1.0
204_3.wav,1.0
204_4.wav,1.0
205_0.wav,0.0
205_1.wav,0.0
205_2.wav,0.0
205_3.wav,0.0
205_4.wav,1.0
206_0.wav,0.0
206_1.wav,0.0
206_2.wav,0.0
206_3.wav,0.0
206_4.wav,1.0
207_0.wav,0.0
207_1.wav,0.0
207_2.wav,0.0
207_3.wav,0.0
207_4.wav,1.0
208_0.wav,0.0
208_1.wav,0.0
208_2.wav,0.0
208_3.wav,0.0
208_4.wav,1.0
209_0.wav,0.0
209_1.wav,1.0
209_2.wav,1.0
209_3.wav,1.0
209_4.wav,1.0
210_0.wav,0.0
210_1.wav,1.0
210_2.wav,1.0
210_3.wav,1.0
210_4.wav,1.0
211_0.wav,0.0
211_1.wav,1.0
211_2.wav,1.0
211_3.wav,1.0
211_4.wav,1.0
212_0.wav,0.0
212_1.wav,1.0
212_2.wav,1.0
212_3.wav,1.0
212_4.wav,1.0
213_0.wav,0.0
213_1.wav,1.0
213_2.wav,1.0
213_3.wav,1.0
213_4.wav,1.0
214_0.wav,0.0
214_1.wav,1.0
214_2.wav,1.0
214_3.wav,1.0
214_4.wav,1.0
215_0.wav,0.0
215_1.wav,1.0
215_2.wav,1.0
215_3.wav,1.0
215_4.wav,1.0
216_0.wav,0.0
216_1.wav,1.0
216_2.wav,1.0
216_3.wav,1.0
216_4.wav,1.0
217_0.wav,1.0
217_1.wav,1.0
217_2.wav,0.0
217_3.wav,1.0
217_4.wav,1.0
218_0.wav,1.0
218_1.wav,1.0
218_2.wav,0.0
218_3.wav,1.0
218_4.wav,1.0
219_0.wav,1.0
219_1.wav,1.0
219_2.wav,0.0
219_3.wav,1.0
219_4.wav,1.0
220_0.wav,1.0
220_1.wav,1.0
220_2.wav,0.0
220_3.wav,1.0
220_4.wav,1.0
221_0.wav,0.0
221_1.wav,1.0
221_2.wav,1.0
221_3.wav,1.0
221_4.wav,1.0
222_0.wav,0.0
222_1.wav,1.0
222_2.wav,1.0
222_3.wav,1.0
222_4.wav,1.0
223_0.wav,0.0
223_1.wav,1.0
223_2.wav,1.0
223_3.wav,1.0
223_4.wav,1.0
224_0.wav,0.0
224_1.wav,1.0
224_2.wav,1.0
224_3.wav,1.0
224_4.wav,1.0
225_0.wav,0.0
225_1.wav,1.0
225_2.wav,1.0
225_3.wav,1.0
225_4.wav,1.0
226_0.wav,0.0
226_1.wav,1.0
226_2.wav,1.0
226_3.wav,1.0
226_4.wav,1.0
227_0.wav,0.0
227_1.wav,1.0
227_2.wav,1.0
227_3.wav,1.0
227_4.wav,1.0
228_0.wav,0.0
228_1.wav,1.0
228_2.wav,1.0
228_3.wav,1.0
228_4.wav,1.0
229_0.wav,0.0
229_1.wav,1.0
229_2.wav,1.0
229_3.wav,1.0
229_4.wav,1.0
230_0.wav,0.0
230_1.wav,1.0
230_2.wav,1.0
230_3.wav,1.0
230_4.wav,1.0
2301_0.wav,1.0
2301_1.wav,1.0
2301_2.wav,1.0
2301_3.wav,0.0
2301_4.wav,1.0
2302_0.wav,1.0
2302_1.wav,1.0
2302_2.wav,1.0
2302_3.wav,0.0
2302_4.wav,1.0
2303_0.wav,1.0
2303_1.wav,1.0
2303_2.wav,1.0
2303_3.wav,0.0
2303_4.wav,1.0
2304_0.wav,1.0
2304_1.wav,1.0
2304_2.wav,1.0
2304_3.wav,0.0
2304_4.wav,1.0
2305_0.wav,0.0
2305_1.wav,0.0
2305_2.wav,1.0
2305_3.wav,1.0
2305_4.wav,0.0
2306_0.wav,0.0
2306_1.wav,0.0
2306_2.wav,1.0
2306_3.wav,1.0
2306_4.wav,0.0
2307_0.wav,0.0
2307_1.wav,0.0
2307_2.wav,1.0
2307_3.wav,1.0
2307_4.wav,0.0
2308_0.wav,0.0
2308_1.wav,0.0
2308_2.wav,1.0
2308_3.wav,1.0
2308_4.wav,0.0
2309_0.wav,0.0
2309_1.wav,1.0
2309_2.wav,1.0
2309_3.wav,0.0
2309_4.wav,0.0
231_0.wav,0.0
231_1.wav,1.0
231_2.wav,1.0
231_3.wav,1.0
231_4.wav,1.0
2310_0.wav,0.0
2310_1.wav,1.0
2310_2.wav,1.0
2310_3.wav,0.0
2310_4.wav,0.0
2311_0.wav,0.0
2311_1.wav,1.0
2311_2.wav,1.0
2311_3.wav,0.0
2311_4.wav,0.0
2312_0.wav,0.0
2312_1.wav,1.0
2312_2.wav,1.0
2312_3.wav,0.0
2312_4.wav,0.0
2313_0.wav,1.0
2313_1.wav,1.0
2313_2.wav,1.0
2313_3.wav,0.0
2313_4.wav,0.0
2314_0.wav,1.0
2314_1.wav,1.0
2314_2.wav,1.0
2314_3.wav,0.0
2314_4.wav,0.0
2315_0.wav,1.0
2315_1.wav,1.0
2315_2.wav,1.0
2315_3.wav,0.0
2315_4.wav,0.0
2316_0.wav,1.0
2316_1.wav,1.0
2316_2.wav,1.0
2316_3.wav,0.0
2316_4.wav,0.0
2317_0.wav,0.0
2317_1.wav,1.0
2317_2.wav,1.0
2317_3.wav,1.0
2317_4.wav,0.0
2318_0.wav,0.0
2318_1.wav,1.0
2318_2.wav,1.0
2318_3.wav,1.0
2318_4.wav,1.0
2319_0.wav,0.0
2319_1.wav,1.0
2319_2.wav,1.0
2319_3.wav,1.0
2319_4.wav,1.0
232_0.wav,0.0
232_1.wav,1.0
232_2.wav,1.0
232_3.wav,1.0
232_4.wav,1.0
2320_0.wav,0.0
2320_1.wav,1.0
2320_2.wav,1.0
2320_3.wav,1.0
2320_4.wav,0.0
2321_0.wav,0.0
2321_1.wav,1.0
2321_2.wav,1.0
2321_3.wav,1.0
2321_4.wav,1.0
2322_0.wav,0.0
2322_1.wav,1.0
2322_2.wav,1.0
2322_3.wav,1.0
2322_4.wav,1.0
2323_0.wav,0.0
2323_1.wav,1.0
2323_2.wav,1.0
2323_3.wav,1.0
2323_4.wav,1.0
2324_0.wav,0.0
2324_1.wav,1.0
2324_2.wav,1.0
2324_3.wav,0.0
2324_4.wav,0.0
2325_0.wav,0.0
2325_1.wav,1.0
2325_2.wav,1.0
2325_3.wav,0.0
2325_4.wav,0.0
2326_0.wav,1.0
2326_1.wav,1.0
2326_2.wav,1.0
2326_3.wav,1.0
2326_4.wav,0.0
2327_0.wav,1.0
2327_1.wav,1.0
2327_2.wav,1.0
2327_3.wav,1.0
2327_4.wav,0.0
2328_0.wav,0.0
2328_1.wav,1.0
2328_2.wav,1.0
2328_3.wav,0.0
2328_4.wav,0.0
2329_0.wav,0.0
2329_1.wav,1.0
2329_2.wav,1.0
2329_3.wav,1.0
2329_4.wav,1.0
233_0.wav,1.0
233_1.wav,1.0
233_2.wav,0.0
233_3.wav,1.0
233_4.wav,1.0
2330_0.wav,0.0
2330_1.wav,1.0
2330_2.wav,1.0
2330_3.wav,1.0
2330_4.wav,1.0
2331_0.wav,0.0
2331_1.wav,1.0
2331_2.wav,1.0
2331_3.wav,1.0
2331_4.wav,1.0
2332_0.wav,0.0
2332_1.wav,1.0
2332_2.wav,1.0
2332_3.wav,1.0
2332_4.wav,1.0
2333_0.wav,1.0
2333_1.wav,1.0
2333_2.wav,1.0
2333_3.wav,1.0
2333_4.wav,1.0
2334_0.wav,1.0
2334_1.wav,1.0
2334_2.wav,1.0
2334_3.wav,1.0
2334_4.wav,1.0
2335_0.wav,1.0
2335_1.wav,1.0
2335_2.wav,1.0
2335_3.wav,1.0
2335_4.wav,1.0
2336_0.wav,1.0
2336_1.wav,1.0
2336_2.wav,1.0
2336_3.wav,1.0
2336_4.wav,1.0
2337_0.wav,0.0
2337_1.wav,0.0
2337_2.wav,0.0
2337_3.wav,1.0
2337_4.wav,1.0
2338_0.wav,0.0
2338_1.wav,0.0
2338_2.wav,0.0
2338_3.wav,1.0
2338_4.wav,1.0
2339_0.wav,0.0
2339_1.wav,0.0
2339_2.wav,0.0
2339_3.wav,1.0
2339_4.wav,1.0
234_0.wav,1.0
234_1.wav,1.0
234_2.wav,0.0
234_3.wav,1.0
234_4.wav,1.0
2340_0.wav,0.0
2340_1.wav,0.0
2340_2.wav,0.0
2340_3.wav,1.0
2340_4.wav,1.0
2341_0.wav,0.0
2341_1.wav,1.0
2341_2.wav,1.0
2341_3.wav,0.0
2341_4.wav,0.0
2342_0.wav,0.0
2342_1.wav,1.0
2342_2.wav,1.0
2342_3.wav,0.0
2342_4.wav,0.0
2343_0.wav,0.0
2343_1.wav,1.0
2343_2.wav,1.0
2343_3.wav,0.0
2343_4.wav,0.0
2344_0.wav,0.0
2344_1.wav,1.0
2344_2.wav,1.0
2344_3.wav,0.0
2344_4.wav,0.0
2345_0.wav,1.0
2345_1.wav,1.0
2345_2.wav,1.0
2345_3.wav,0.0
2345_4.wav,0.0
2346_0.wav,1.0
2346_1.wav,1.0
2346_2.wav,1.0
2346_3.wav,0.0
2346_4.wav,0.0
2347_0.wav,1.0
2347_1.wav,1.0
2347_2.wav,1.0
2347_3.wav,0.0
2347_4.wav,0.0
2348_0.wav,1.0
2348_1.wav,1.0
2348_2.wav,1.0
2348_3.wav,0.0
2348_4.wav,0.0
2349_0.wav,0.0
2349_1.wav,1.0
2349_2.wav,1.0
2349_3.wav,0.0
2349_4.wav,0.0
235_0.wav,1.0
235_1.wav,1.0
235_2.wav,0.0
235_3.wav,1.0
235_4.wav,1.0
2350_0.wav,0.0
2350_1.wav,1.0
2350_2.wav,1.0
2350_3.wav,0.0
2350_4.wav,1.0
2351_0.wav,0.0
2351_1.wav,1.0
2351_2.wav,1.0
2351_3.wav,0.0
2351_4.wav,1.0
2352_0.wav,0.0
2352_1.wav,1.0
2352_2.wav,1.0
2352_3.wav,0.0
2352_4.wav,0.0
2353_0.wav,0.0
2353_1.wav,1.0
2353_2.wav,1.0
2353_3.wav,1.0
2353_4.wav,0.0
2354_0.wav,1.0
2354_1.wav,1.0
2354_2.wav,1.0
2354_3.wav,1.0
2354_4.wav,0.0
2355_0.wav,1.0
2355_1.wav,1.0
2355_2.wav,1.0
2355_3.wav,1.0
2355_4.wav,0.0
2356_0.wav,0.0
2356_1.wav,0.0
2356_2.wav,1.0
2356_3.wav,1.0
2356_4.wav,0.0
2357_0.wav,1.0
2357_1.wav,1.0
2357_2.wav,1.0
2357_3.wav,0.0
2357_4.wav,0.0
2358_0.wav,1.0
2358_1.wav,1.0
2358_2.wav,1.0
2358_3.wav,0.0
2358_4.wav,1.0
2359_0.wav,1.0
2359_1.wav,1.0
2359_2.wav,1.0
2359_3.wav,0.0
2359_4.wav,1.0
236_0.wav,1.0
236_1.wav,1.0
236_2.wav,0.0
236_3.wav,1.0
236_4.wav,1.0
2360_0.wav,1.0
2360_1.wav,1.0
2360_2.wav,1.0
2360_3.wav,0.0
2360_4.wav,0.0
2361_0.wav,1.0
2361_1.wav,1.0
2361_2.wav,1.0
2361_3.wav,1.0
2361_4.wav,1.0
2362_0.wav,1.0
2362_1.wav,1.0
2362_2.wav,1.0
2362_3.wav,1.0
2362_4.wav,1.0
2363_0.wav,1.0
2363_1.wav,1.0
2363_2.wav,1.0
2363_3.wav,1.0
2363_4.wav,1.0
2364_0.wav,1.0
2364_1.wav,1.0
2364_2.wav,1.0
2364_3.wav,1.0
2364_4.wav,1.0
2365_0.wav,0.0
2365_1.wav,1.0
2365_2.wav,1.0
2365_3.wav,0.0
2365_4.wav,0.0
2366_0.wav,0.0
2366_1.wav,1.0
2366_2.wav,1.0
2366_3.wav,0.0
2366_4.wav,1.0
2367_0.wav,0.0
2367_1.wav,1.0
2367_2.wav,1.0
2367_3.wav,0.0
2367_4.wav,1.0
2368_0.wav,0.0
2368_1.wav,1.0
2368_2.wav,1.0
2368_3.wav,0.0
2368_4.wav,0.0
2369_0.wav,1.0
2369_1.wav,1.0
2369_2.wav,1.0
2369_3.wav,0.0
2369_4.wav,0.0
237_0.wav,0.0
237_1.wav,0.0
237_2.wav,0.0
237_3.wav,1.0
237_4.wav,1.0
2370_0.wav,1.0
2370_1.wav,1.0
2370_2.wav,1.0
2370_3.wav,0.0
2370_4.wav,0.0
2371_0.wav,1.0
2371_1.wav,1.0
2371_2.wav,1.0
2371_3.wav,0.0
2371_4.wav,0.0
2372_0.wav,1.0
2372_1.wav,1.0
2372_2.wav,1.0
2372_3.wav,0.0
2372_4.wav,0.0
2373_0.wav,1.0
2373_1.wav,1.0
2373_2.wav,1.0
2373_3.wav,1.0
2373_4.wav,1.0
2374_0.wav,1.0
2374_1.wav,1.0
2374_2.wav,1.0
2374_3.wav,1.0
2374_4.wav,1.0
2375_0.wav,1.0
2375_1.wav,1.0
2375_2.wav,1.0
2375_3.wav,1.0
2375_4.wav,1.0
2376_0.wav,1.0
2376_1.wav,1.0
2376_2.wav,1.0
2376_3.wav,1.0
2376_4.wav,1.0
2377_0.wav,1.0
2377_1.wav,1.0
2377_2.wav,0.0
2377_3.wav,0.0
2377_4.wav,1.0
2378_0.wav,1.0
2378_1.wav,1.0
2378_2.wav,0.0
2378_3.wav,0.0
2378_4.wav,1.0
2379_0.wav,1.0
2379_1.wav,1.0
2379_2.wav,0.0
2379_3.wav,0.0
2379_4.wav,1.0
238_0.wav,0.0
238_1.wav,0.0
238_2.wav,0.0
238_3.wav,1.0
238_4.wav,1.0
2380_0.wav,1.0
2380_1.wav,1.0
2380_2.wav,0.0
2380_3.wav,0.0
2380_4.wav,1.0
2381_0.wav,0.0
2381_1.wav,1.0
2381_2.wav,1.0
2381_3.wav,0.0
2381_4.wav,1.0
2382_0.wav,0.0
2382_1.wav,1.0
2382_2.wav,1.0
2382_3.wav,0.0
2382_4.wav,1.0
2383_0.wav,0.0
2383_1.wav,1.0
2383_2.wav,1.0
2383_3.wav,0.0
2383_4.wav,1.0
2384_0.wav,0.0
2384_1.wav,1.0
2384_2.wav,1.0
2384_3.wav,0.0
2384_4.wav,1.0
2385_0.wav,0.0
2385_1.wav,1.0
2385_2.wav,1.0
2385_3.wav,0.0
2385_4.wav,0.0
2386_0.wav,0.0
2386_1.wav,1.0
2386_2.wav,1.0
2386_3.wav,0.0
2386_4.wav,0.0
2387_0.wav,0.0
2387_1.wav,1.0
2387_2.wav,1.0
2387_3.wav,0.0
2387_4.wav,0.0
2388_0.wav,0.0
2388_1.wav,1.0
2388_2.wav,1.0
2388_3.wav,0.0
2388_4.wav,0.0
2389_0.wav,1.0
2389_1.wav,0.0
2389_2.wav,0.0
2389_3.wav,1.0
2389_4.wav,1.0
239_0.wav,0.0
239_1.wav,0.0
239_2.wav,0.0
239_3.wav,1.0
239_4.wav,1.0
2390_0.wav,1.0
2390_1.wav,0.0
2390_2.wav,0.0
2390_3.wav,1.0
2390_4.wav,1.0
2391_0.wav,1.0
2391_1.wav,0.0
2391_2.wav,0.0
2391_3.wav,1.0
2391_4.wav,1.0
2392_0.wav,1.0
2392_1.wav,0.0
2392_2.wav,0.0
2392_3.wav,1.0
2392_4.wav,1.0
2393_0.wav,0.0
2393_1.wav,0.0
2393_2.wav,1.0
2393_3.wav,1.0
2393_4.wav,0.0
2394_0.wav,0.0
2394_1.wav,0.0
2394_2.wav,1.0
2394_3.wav,1.0
2394_4.wav,0.0
2395_0.wav,0.0
2395_1.wav,0.0
2395_2.wav,1.0
2395_3.wav,1.0
2395_4.wav,0.0
2396_0.wav,0.0
2396_1.wav,0.0
2396_2.wav,1.0
2396_3.wav,1.0
2396_4.wav,0.0
2397_0.wav,1.0
2397_1.wav,1.0
2397_2.wav,1.0
2397_3.wav,0.0
2397_4.wav,0.0
2398_0.wav,1.0
2398_1.wav,1.0
2398_2.wav,1.0
2398_3.wav,0.0
2398_4.wav,0.0
2399_0.wav,1.0
2399_1.wav,1.0
2399_2.wav,1.0
2399_3.wav,0.0
2399_4.wav,0.0
240_0.wav,0.0
240_1.wav,0.0
240_2.wav,0.0
240_3.wav,1.0
240_4.wav,1.0
2400_0.wav,1.0
2400_1.wav,1.0
2400_2.wav,1.0
2400_3.wav,0.0
2400_4.wav,0.0
2401_0.wav,1.0
2401_1.wav,1.0
2401_2.wav,1.0
2401_3.wav,1.0
2401_4.wav,1.0
2402_0.wav,1.0
2402_1.wav,1.0
2402_2.wav,1.0
2402_3.wav,1.0
2402_4.wav,1.0
2403_0.wav,1.0
2403_1.wav,1.0
2403_2.wav,1.0
2403_3.wav,1.0
2403_4.wav,1.0
2404_0.wav,1.0
2404_1.wav,1.0
2404_2.wav,1.0
2404_3.wav,1.0
2404_4.wav,1.0
2405_0.wav,0.0
2405_1.wav,0.0
2405_2.wav,0.0
2405_3.wav,1.0
2405_4.wav,1.0
2406_0.wav,0.0
2406_1.wav,0.0
2406_2.wav,0.0
2406_3.wav,1.0
2406_4.wav,1.0
2407_0.wav,0.0
2407_1.wav,0.0
2407_2.wav,0.0
2407_3.wav,1.0
2407_4.wav,1.0
2408_0.wav,0.0
2408_1.wav,0.0
2408_2.wav,0.0
2408_3.wav,1.0
2408_4.wav,1.0
2409_0.wav,0.0
2409_1.wav,0.0
2409_2.wav,1.0
2409_3.wav,1.0
2409_4.wav,0.0
241_0.wav,0.0
241_1.wav,1.0
241_2.wav,1.0
241_3.wav,1.0
241_4.wav,0.0
2410_0.wav,0.0
2410_1.wav,0.0
2410_2.wav,1.0
2410_3.wav,1.0
2410_4.wav,0.0
2411_0.wav,0.0
2411_1.wav,0.0
2411_2.wav,1.0
2411_3.wav,1.0
2411_4.wav,0.0
2412_0.wav,0.0
2412_1.wav,0.0
2412_2.wav,1.0
2412_3.wav,1.0
2412_4.wav,0.0
2413_0.wav,0.0
2413_1.wav,1.0
2413_2.wav,1.0
2413_3.wav,0.0
2413_4.wav,0.0
2414_0.wav,0.0
2414_1.wav,1.0
2414_2.wav,1.0
2414_3.wav,0.0
2414_4.wav,0.0
2415_0.wav,0.0
2415_1.wav,1.0
2415_2.wav,1.0
2415_3.wav,0.0
2415_4.wav,0.0
2416_0.wav,0.0
2416_1.wav,1.0
2416_2.wav,1.0
2416_3.wav,0.0
2416_4.wav,0.0
2417_0.wav,1.0
2417_1.wav,1.0
2417_2.wav,0.0
2417_3.wav,0.0
2417_4.wav,0.0
2418_0.wav,1.0
2418_1.wav,1.0
2418_2.wav,1.0
2418_3.wav,0.0
2418_4.wav,0.0
2419_0.wav,1.0
2419_1.wav,1.0
2419_2.wav,1.0
2419_3.wav,0.0
2419_4.wav,0.0
242_0.wav,0.0
242_1.wav,1.0
242_2.wav,1.0
242_3.wav,1.0
242_4.wav,0.0
2420_0.wav,1.0
2420_1.wav,1.0
2420_2.wav,0.0
2420_3.wav,0.0
2420_4.wav,0.0
2421_0.wav,0.0
2421_1.wav,1.0
2421_2.wav,1.0
2421_3.wav,1.0
2421_4.wav,0.0
2422_0.wav,0.0
2422_1.wav,1.0
2422_2.wav,1.0
2422_3.wav,1.0
2422_4.wav,0.0
2423_0.wav,0.0
2423_1.wav,1.0
2423_2.wav,1.0
2423_3.wav,1.0
2423_4.wav,0.0
2424_0.wav,0.0
2424_1.wav,1.0
2424_2.wav,1.0
2424_3.wav,0.0
2424_4.wav,0.0
2425_0.wav,0.0
2425_1.wav,1.0
2425_2.wav,1.0
2425_3.wav,0.0
2425_4.wav,0.0
2426_0.wav,1.0
2426_1.wav,1.0
2426_2.wav,1.0
2426_3.wav,0.0
2426_4.wav,0.0
2427_0.wav,1.0
2427_1.wav,1.0
2427_2.wav,1.0
2427_3.wav,0.0
2427_4.wav,0.0
2428_0.wav,0.0
2428_1.wav,1.0
2428_2.wav,1.0
2428_3.wav,0.0
2428_4.wav,0.0
2429_0.wav,0.0
2429_1.wav,1.0
2429_2.wav,1.0
2429_3.wav,1.0
2429_4.wav,0.0
243_0.wav,0.0
243_1.wav,1.0
243_2.wav,1.0
243_3.wav,1.0
243_4.wav,0.0
2430_0.wav,0.0
2430_1.wav,1.0
2430_2.wav,1.0
2430_3.wav,1.0
2430_4.wav,0.0
2431_0.wav,0.0
2431_1.wav,1.0
2431_2.wav,1.0
2431_3.wav,1.0
2431_4.wav,0.0
2432_0.wav,0.0
2432_1.wav,1.0
2432_2.wav,1.0
2432_3.wav,1.0
2432_4.wav,0.0
2433_0.wav,0.0
2433_1.wav,1.0
2433_2.wav,1.0
2433_3.wav,0.0
2433_4.wav,0.0
2434_0.wav,0.0
2434_1.wav,1.0
2434_2.wav,1.0
2434_3.wav,0.0
2434_4.wav,0.0
2435_0.wav,0.0
2435_1.wav,1.0
2435_2.wav,1.0
2435_3.wav,0.0
2435_4.wav,0.0
2436_0.wav,0.0
2436_1.wav,1.0
2436_2.wav,1.0
2436_3.wav,0.0
2436_4.wav,0.0
2437_0.wav,0.0
2437_1.wav,0.0
2437_2.wav,1.0
2437_3.wav,1.0
2437_4.wav,0.0
2438_0.wav,0.0
2438_1.wav,0.0
2438_2.wav,1.0
2438_3.wav,1.0
2438_4.wav,0.0
2439_0.wav,0.0
2439_1.wav,0.0
2439_2.wav,1.0
2439_3.wav,1.0
2439_4.wav,0.0
244_0.wav,0.0
244_1.wav,1.0
244_2.wav,1.0
244_3.wav,1.0
244_4.wav,0.0
2440_0.wav,0.0
2440_1.wav,0.0
2440_2.wav,1.0
2440_3.wav,1.0
2440_4.wav,0.0
2441_0.wav,0.0
2441_1.wav,0.0
2441_2.wav,1.0
2441_3.wav,1.0
2441_4.wav,1.0
2442_0.wav,0.0
2442_1.wav,0.0
2442_2.wav,1.0
2442_3.wav,1.0
2442_4.wav,1.0
2443_0.wav,0.0
2443_1.wav,0.0
2443_2.wav,1.0
2443_3.wav,1.0
2443_4.wav,1.0
2444_0.wav,0.0
2444_1.wav,0.0
2444_2.wav,1.0
2444_3.wav,1.0
2444_4.wav,1.0
2445_0.wav,0.0
2445_1.wav,1.0
2445_2.wav,1.0
2445_3.wav,1.0
2445_4.wav,0.0
2446_0.wav,0.0
2446_1.wav,1.0
2446_2.wav,1.0
2446_3.wav,1.0
2446_4.wav,0.0
2447_0.wav,0.0
2447_1.wav,1.0
2447_2.wav,1.0
2447_3.wav,1.0
2447_4.wav,0.0
2448_0.wav,0.0
2448_1.wav,1.0
2448_2.wav,1.0
2448_3.wav,1.0
2448_4.wav,0.0
2449_0.wav,1.0
2449_1.wav,1.0
2449_2.wav,0.0
2449_3.wav,1.0
2449_4.wav,1.0
245_0.wav,0.0
245_1.wav,1.0
245_2.wav,1.0
245_3.wav,0.0
245_4.wav,0.0
2450_0.wav,1.0
2450_1.wav,1.0
2450_2.wav,0.0
2450_3.wav,1.0
2450_4.wav,1.0
2451_0.wav,1.0
2451_1.wav,1.0
2451_2.wav,0.0
2451_3.wav,1.0
2451_4.wav,1.0
2452_0.wav,1.0
2452_1.wav,0.0
2452_2.wav,0.0
2452_3.wav,0.0
2452_4.wav,1.0
2453_0.wav,1.0
2453_1.wav,0.0
2453_2.wav,1.0
2453_3.wav,1.0
2453_4.wav,0.0
2454_0.wav,1.0
2454_1.wav,0.0
2454_2.wav,1.0
2454_3.wav,1.0
2454_4.wav,0.0
2455_0.wav,1.0
2455_1.wav,0.0
2455_2.wav,1.0
2455_3.wav,1.0
2455_4.wav,0.0
2456_0.wav,1.0
2456_1.wav,0.0
2456_2.wav,1.0
2456_3.wav,1.0
2456_4.wav,0.0
2457_0.wav,0.0
2457_1.wav,1.0
2457_2.wav,1.0
2457_3.wav,0.0
2457_4.wav,0.0
2458_0.wav,0.0
2458_1.wav,1.0
2458_2.wav,1.0
2458_3.wav,0.0
2458_4.wav,0.0
2459_0.wav,0.0
2459_1.wav,1.0
2459_2.wav,1.0
2459_3.wav,0.0
2459_4.wav,0.0
246_0.wav,0.0
246_1.wav,1.0
246_2.wav,1.0
246_3.wav,0.0
246_4.wav,0.0
2460_0.wav,0.0
2460_1.wav,1.0
2460_2.wav,1.0
2460_3.wav,0.0
2460_4.wav,0.0
2461_0.wav,0.0
2461_1.wav,1.0
2461_2.wav,1.0
2461_3.wav,1.0
2461_4.wav,0.0
2462_0.wav,0.0
2462_1.wav,1.0
2462_2.wav,1.0
2462_3.wav,1.0
2462_4.wav,0.0
2463_0.wav,0.0
2463_1.wav,1.0
2463_2.wav,1.0
2463_3.wav,1.0
2463_4.wav,0.0
2464_0.wav,0.0
2464_1.wav,1.0
2464_2.wav,1.0
2464_3.wav,1.0
2464_4.wav,0.0
2465_0.wav,1.0
2465_1.wav,1.0
2465_2.wav,1.0
2465_3.wav,0.0
2465_4.wav,0.0
2466_0.wav,1.0
2466_1.wav,1.0
2466_2.wav,1.0
2466_3.wav,0.0
2466_4.wav,0.0
2467_0.wav,1.0
2467_1.wav,1.0
2467_2.wav,1.0
2467_3.wav,0.0
2467_4.wav,0.0
2468_0.wav,1.0
2468_1.wav,1.0
2468_2.wav,1.0
2468_3.wav,0.0
2468_4.wav,0.0
2469_0.wav,0.0
2469_1.wav,1.0
2469_2.wav,1.0
2469_3.wav,1.0
2469_4.wav,1.0
247_0.wav,0.0
247_1.wav,1.0
247_2.wav,1.0
247_3.wav,0.0
247_4.wav,0.0
2470_0.wav,0.0
2470_1.wav,1.0
2470_2.wav,1.0
2470_3.wav,1.0
2470_4.wav,1.0
2471_0.wav,0.0
2471_1.wav,1.0
2471_2.wav,1.0
2471_3.wav,1.0
2471_4.wav,1.0
2472_0.wav,0.0
2472_1.wav,1.0
2472_2.wav,1.0
2472_3.wav,1.0
2472_4.wav,1.0
2473_0.wav,1.0
2473_1.wav,1.0
2473_2.wav,1.0
2473_3.wav,0.0
2473_4.wav,0.0
2474_0.wav,1.0
2474_1.wav,1.0
2474_2.wav,1.0
2474_3.wav,0.0
2474_4.wav,0.0
2475_0.wav,1.0
2475_1.wav,1.0
2475_2.wav,0.0
2475_3.wav,0.0
2475_4.wav,0.0
2476_0.wav,1.0
2476_1.wav,1.0
2476_2.wav,1.0
2476_3.wav,0.0
2476_4.wav,0.0
2477_0.wav,0.0
2477_1.wav,1.0
2477_2.wav,1.0
2477_3.wav,0.0
2477_4.wav,0.0
2478_0.wav,0.0
2478_1.wav,1.0
2478_2.wav,1.0
2478_3.wav,0.0
2478_4.wav,0.0
2479_0.wav,0.0
2479_1.wav,1.0
2479_2.wav,1.0
2479_3.wav,0.0
2479_4.wav,0.0
248_0.wav,0.0
248_1.wav,1.0
248_2.wav,1.0
248_3.wav,0.0
248_4.wav,0.0
2480_0.wav,0.0
2480_1.wav,1.0
2480_2.wav,1.0
2480_3.wav,0.0
2480_4.wav,0.0
2481_0.wav,0.0
2481_1.wav,1.0
2481_2.wav,1.0
2481_3.wav,0.0
2481_4.wav,0.0
2482_0.wav,0.0
2482_1.wav,1.0
2482_2.wav,1.0
2482_3.wav,0.0
2482_4.wav,0.0
2483_0.wav,0.0
2483_1.wav,1.0
2483_2.wav,1.0
2483_3.wav,0.0
2483_4.wav,0.0
2484_0.wav,0.0
2484_1.wav,1.0
2484_2.wav,1.0
2484_3.wav,0.0
2484_4.wav,0.0
2485_0.wav,1.0
2485_1.wav,1.0
2485_2.wav,1.0
2485_3.wav,0.0
2485_4.wav,0.0
2486_0.wav,1.0
2486_1.wav,1.0
2486_2.wav,1.0
2486_3.wav,0.0
2486_4.wav,0.0
2487_0.wav,1.0
2487_1.wav,1.0
2487_2.wav,1.0
2487_3.wav,0.0
2487_4.wav,0.0
2488_0.wav,1.0
2488_1.wav,1.0
2488_2.wav,1.0
2488_3.wav,0.0
2488_4.wav,0.0
2489_0.wav,0.0
2489_1.wav,1.0
2489_2.wav,1.0
2489_3.wav,0.0
2489_4.wav,0.0
249_0.wav,0.0
249_1.wav,1.0
249_2.wav,1.0
249_3.wav,0.0
249_4.wav,0.0
2490_0.wav,0.0
2490_1.wav,1.0
2490_2.wav,1.0
2490_3.wav,1.0
2490_4.wav,0.0
2491_0.wav,0.0
2491_1.wav,1.0
2491_2.wav,1.0
2491_3.wav,1.0
2491_4.wav,0.0
2492_0.wav,0.0
2492_1.wav,1.0
2492_2.wav,1.0
2492_3.wav,0.0
2492_4.wav,0.0
2493_0.wav,1.0
2493_1.wav,1.0
2493_2.wav,0.0
2493_3.wav,0.0
2493_4.wav,0.0
2494_0.wav,1.0
2494_1.wav,0.0
2494_2.wav,0.0
2494_3.wav,0.0
2494_4.wav,0.0
2495_0.wav,1.0
2495_1.wav,0.0
2495_2.wav,0.0
2495_3.wav,0.0
2495_4.wav,0.0
2496_0.wav,1.0
2496_1.wav,1.0
2496_2.wav,0.0
2496_3.wav,0.0
2496_4.wav,0.0
2497_0.wav,1.0
2497_1.wav,1.0
2497_2.wav,0.0
2497_3.wav,0.0
2497_4.wav,0.0
2498_0.wav,1.0
2498_1.wav,1.0
2498_2.wav,0.0
2498_3.wav,0.0
2498_4.wav,0.0
2499_0.wav,1.0
2499_1.wav,1.0
2499_2.wav,0.0
2499_3.wav,0.0
2499_4.wav,0.0
250_0.wav,0.0
250_1.wav,1.0
250_2.wav,1.0
250_3.wav,0.0
250_4.wav,0.0
2500_0.wav,1.0
2500_1.wav,1.0
2500_2.wav,0.0
2500_3.wav,0.0
2500_4.wav,0.0
2501_0.wav,0.0
2501_1.wav,1.0
2501_2.wav,1.0
2501_3.wav,0.0
2501_4.wav,0.0
2502_0.wav,0.0
2502_1.wav,1.0
2502_2.wav,1.0
2502_3.wav,0.0
2502_4.wav,0.0
2503_0.wav,0.0
2503_1.wav,1.0
2503_2.wav,1.0
2503_3.wav,0.0
2503_4.wav,0.0
2504_0.wav,0.0
2504_1.wav,1.0
2504_2.wav,1.0
2504_3.wav,0.0
2504_4.wav,0.0
2505_0.wav,1.0
2505_1.wav,1.0
2505_2.wav,1.0
2505_3.wav,0.0
2505_4.wav,0.0
2506_0.wav,1.0
2506_1.wav,1.0
2506_2.wav,1.0
2506_3.wav,1.0
2506_4.wav,1.0
2507_0.wav,1.0
2507_1.wav,1.0
2507_2.wav,1.0
2507_3.wav,1.0
2507_4.wav,1.0
2508_0.wav,1.0
2508_1.wav,1.0
2508_2.wav,1.0
2508_3.wav,0.0
2508_4.wav,0.0
2509_0.wav,0.0
2509_1.wav,1.0
2509_2.wav,1.0
2509_3.wav,0.0
2509_4.wav,0.0
251_0.wav,0.0
251_1.wav,1.0
251_2.wav,1.0
251_3.wav,0.0
251_4.wav,0.0
2510_0.wav,0.0
2510_1.wav,1.0
2510_2.wav,1.0
2510_3.wav,0.0
2510_4.wav,0.0
2511_0.wav,0.0
2511_1.wav,1.0
2511_2.wav,1.0
2511_3.wav,0.0
2511_4.wav,0.0
2512_0.wav,0.0
2512_1.wav,1.0
2512_2.wav,1.0
2512_3.wav,0.0
2512_4.wav,0.0
2513_0.wav,0.0
2513_1.wav,1.0
2513_2.wav,1.0
2513_3.wav,1.0
2513_4.wav,0.0
2514_0.wav,0.0
2514_1.wav,1.0
2514_2.wav,1.0
2514_3.wav,1.0
2514_4.wav,0.0
2515_0.wav,0.0
2515_1.wav,1.0
2515_2.wav,1.0
2515_3.wav,1.0
2515_4.wav,0.0
2516_0.wav,0.0
2516_1.wav,1.0
2516_2.wav,1.0
2516_3.wav,0.0
2516_4.wav,0.0
252_0.wav,0.0
252_1.wav,1.0
252_2.wav,1.0
252_3.wav,0.0
252_4.wav,0.0
253_0.wav,0.0
253_1.wav,1.0
253_2.wav,1.0
253_3.wav,0.0
253_4.wav,0.0
254_0.wav,0.0
254_1.wav,1.0
254_2.wav,1.0
254_3.wav,0.0
254_4.wav,0.0
255_0.wav,0.0
255_1.wav,1.0
255_2.wav,1.0
255_3.wav,0.0
255_4.wav,0.0
256_0.wav,0.0
256_1.wav,1.0
256_2.wav,1.0
256_3.wav,0.0
256_4.wav,0.0
257_0.wav,1.0
257_1.wav,1.0
257_2.wav,0.0
257_3.wav,0.0
257_4.wav,0.0
258_0.wav,1.0
258_1.wav,1.0
258_2.wav,0.0
258_3.wav,0.0
258_4.wav,0.0
259_0.wav,1.0
259_1.wav,1.0
259_2.wav,0.0
259_3.wav,0.0
259_4.wav,0.0
260_0.wav,1.0
260_1.wav,1.0
260_2.wav,0.0
260_3.wav,0.0
260_4.wav,0.0
261_0.wav,0.0
261_1.wav,1.0
261_2.wav,1.0
261_3.wav,0.0
261_4.wav,0.0
262_0.wav,0.0
262_1.wav,1.0
262_2.wav,1.0
262_3.wav,0.0
262_4.wav,0.0
263_0.wav,0.0
263_1.wav,1.0
263_2.wav,1.0
263_3.wav,0.0
263_4.wav,0.0
264_0.wav,0.0
264_1.wav,1.0
264_2.wav,1.0
264_3.wav,0.0
264_4.wav,0.0
265_0.wav,0.0
265_1.wav,0.0
265_2.wav,0.0
265_3.wav,1.0
265_4.wav,1.0
266_0.wav,0.0
266_1.wav,0.0
266_2.wav,0.0
266_3.wav,1.0
266_4.wav,1.0
267_0.wav,0.0
267_1.wav,0.0
267_2.wav,0.0
267_3.wav,1.0
267_4.wav,1.0
268_0.wav,0.0
268_1.wav,0.0
268_2.wav,0.0
268_3.wav,1.0
268_4.wav,1.0
269_0.wav,0.0
269_1.wav,0.0
269_2.wav,1.0
269_3.wav,1.0
269_4.wav,0.0
270_0.wav,0.0
270_1.wav,0.0
270_2.wav,1.0
270_3.wav,1.0
270_4.wav,0.0
271_0.wav,0.0
271_1.wav,0.0
271_2.wav,1.0
271_3.wav,1.0
271_4.wav,0.0
272_0.wav,0.0
272_1.wav,0.0
272_2.wav,1.0
272_3.wav,1.0
272_4.wav,0.0
273_0.wav,0.0
273_1.wav,0.0
273_2.wav,1.0
273_3.wav,1.0
273_4.wav,0.0
274_0.wav,0.0
274_1.wav,0.0
274_2.wav,1.0
274_3.wav,1.0
274_4.wav,0.0
275_0.wav,0.0
275_1.wav,0.0
275_2.wav,1.0
275_3.wav,1.0
275_4.wav,0.0
276_0.wav,0.0
276_1.wav,0.0
276_2.wav,1.0
276_3.wav,1.0
276_4.wav,0.0
277_0.wav,0.0
277_1.wav,1.0
277_2.wav,1.0
277_3.wav,1.0
277_4.wav,1.0
278_0.wav,0.0
278_1.wav,1.0
278_2.wav,1.0
278_3.wav,1.0
278_4.wav,1.0
279_0.wav,0.0
279_1.wav,1.0
279_2.wav,1.0
279_3.wav,1.0
279_4.wav,1.0
280_0.wav,0.0
280_1.wav,1.0
280_2.wav,1.0
280_3.wav,1.0
280_4.wav,1.0
281_0.wav,0.0
281_1.wav,1.0
281_2.wav,1.0
281_3.wav,0.0
281_4.wav,1.0
282_0.wav,0.0
282_1.wav,1.0
282_2.wav,1.0
282_3.wav,0.0
282_4.wav,1.0
283_0.wav,0.0
283_1.wav,1.0
283_2.wav,1.0
283_3.wav,0.0
283_4.wav,1.0
284_0.wav,0.0
284_1.wav,1.0
284_2.wav,1.0
284_3.wav,0.0
284_4.wav,1.0
285_0.wav,0.0
285_1.wav,1.0
285_2.wav,1.0
285_3.wav,1.0
285_4.wav,1.0
286_0.wav,0.0
286_1.wav,1.0
286_2.wav,1.0
286_3.wav,1.0
286_4.wav,1.0
287_0.wav,0.0
287_1.wav,1.0
287_2.wav,1.0
287_3.wav,1.0
287_4.wav,1.0
288_0.wav,0.0
288_1.wav,1.0
288_2.wav,1.0
288_3.wav,1.0
288_4.wav,1.0
289_0.wav,1.0
289_1.wav,1.0
289_2.wav,0.0
289_3.wav,0.0
289_4.wav,0.0
290_0.wav,1.0
290_1.wav,1.0
290_2.wav,0.0
290_3.wav,0.0
290_4.wav,0.0
291_0.wav,1.0
291_1.wav,1.0
291_2.wav,0.0
291_3.wav,0.0
291_4.wav,0.0
292_0.wav,1.0
292_1.wav,1.0
292_2.wav,0.0
292_3.wav,0.0
292_4.wav,0.0
293_0.wav,1.0
293_1.wav,1.0
293_2.wav,1.0
293_3.wav,1.0
293_4.wav,1.0
294_0.wav,1.0
294_1.wav,1.0
294_2.wav,1.0
294_3.wav,1.0
294_4.wav,1.0
295_0.wav,1.0
295_1.wav,1.0
295_2.wav,1.0
295_3.wav,1.0
295_4.wav,1.0
296_0.wav,1.0
296_1.wav,1.0
296_2.wav,0.0
296_3.wav,1.0
296_4.wav,1.0
297_0.wav,0.0
297_1.wav,1.0
297_2.wav,1.0
297_3.wav,1.0
297_4.wav,0.0
298_0.wav,0.0
298_1.wav,1.0
298_2.wav,1.0
298_3.wav,1.0
298_4.wav,0.0
299_0.wav,1.0
299_1.wav,1.0
299_2.wav,1.0
299_3.wav,1.0
299_4.wav,0.0
300_0.wav,0.0
300_1.wav,1.0
300_2.wav,1.0
300_3.wav,1.0
300_4.wav,0.0
301_0.wav,0.0
301_1.wav,1.0
301_2.wav,1.0
301_3.wav,0.0
301_4.wav,1.0
302_0.wav,0.0
302_1.wav,1.0
302_2.wav,1.0
302_3.wav,0.0
302_4.wav,1.0
303_0.wav,0.0
303_1.wav,1.0
303_2.wav,1.0
303_3.wav,0.0
303_4.wav,1.0
304_0.wav,0.0
304_1.wav,1.0
304_2.wav,1.0
304_3.wav,0.0
304_4.wav,1.0
305_0.wav,0.0
305_1.wav,1.0
305_2.wav,1.0
305_3.wav,1.0
305_4.wav,1.0
306_0.wav,0.0
306_1.wav,1.0
306_2.wav,1.0
306_3.wav,1.0
306_4.wav,1.0
307_0.wav,0.0
307_1.wav,1.0
307_2.wav,1.0
307_3.wav,1.0
307_4.wav,1.0
308_0.wav,0.0
308_1.wav,1.0
308_2.wav,1.0
308_3.wav,1.0
308_4.wav,1.0
309_0.wav,0.0
309_1.wav,0.0
309_2.wav,1.0
309_3.wav,1.0
309_4.wav,1.0
310_0.wav,0.0
310_1.wav,0.0
310_2.wav,1.0
310_3.wav,1.0
310_4.wav,1.0
311_0.wav,0.0
311_1.wav,0.0
311_2.wav,1.0
311_3.wav,1.0
311_4.wav,1.0
312_0.wav,0.0
312_1.wav,0.0
312_2.wav,1.0
312_3.wav,1.0
312_4.wav,1.0
313_0.wav,0.0
313_1.wav,1.0
313_2.wav,1.0
313_3.wav,0.0
313_4.wav,0.0
314_0.wav,0.0
314_1.wav,1.0
314_2.wav,1.0
314_3.wav,0.0
314_4.wav,0.0
315_0.wav,0.0
315_1.wav,1.0
315_2.wav,1.0
315_3.wav,0.0
315_4.wav,0.0
316_0.wav,0.0
316_1.wav,1.0
316_2.wav,1.0
316_3.wav,0.0
316_4.wav,0.0
317_0.wav,0.0
317_1.wav,1.0
317_2.wav,1.0
317_3.wav,1.0
317_4.wav,1.0
318_0.wav,0.0
318_1.wav,1.0
318_2.wav,1.0
318_3.wav,1.0
318_4.wav,1.0
319_0.wav,0.0
319_1.wav,1.0
319_2.wav,1.0
319_3.wav,1.0
319_4.wav,1.0
320_0.wav,0.0
320_1.wav,1.0
320_2.wav,1.0
320_3.wav,1.0
320_4.wav,1.0
321_0.wav,0.0
321_1.wav,1.0
321_2.wav,1.0
321_3.wav,1.0
321_4.wav,1.0
322_0.wav,0.0
322_1.wav,1.0
322_2.wav,1.0
322_3.wav,1.0
322_4.wav,1.0
323_0.wav,0.0
323_1.wav,1.0
323_2.wav,1.0
323_3.wav,1.0
323_4.wav,1.0
324_0.wav,0.0
324_1.wav,1.0
324_2.wav,1.0
324_3.wav,1.0
324_4.wav,1.0
325_0.wav,0.0
325_1.wav,1.0
325_2.wav,1.0
325_3.wav,0.0
325_4.wav,0.0
326_0.wav,0.0
326_1.wav,1.0
326_2.wav,1.0
326_3.wav,0.0
326_4.wav,0.0
327_0.wav,0.0
327_1.wav,1.0
327_2.wav,1.0
327_3.wav,0.0
327_4.wav,0.0
328_0.wav,0.0
328_1.wav,1.0
328_2.wav,1.0
328_3.wav,0.0
328_4.wav,0.0
329_0.wav,0.0
329_1.wav,1.0
329_2.wav,1.0
329_3.wav,1.0
329_4.wav,0.0
330_0.wav,0.0
330_1.wav,1.0
330_2.wav,1.0
330_3.wav,1.0
330_4.wav,0.0
331_0.wav,0.0
331_1.wav,1.0
331_2.wav,1.0
331_3.wav,1.0
331_4.wav,0.0
332_0.wav,0.0
332_1.wav,1.0
332_2.wav,1.0
332_3.wav,1.0
332_4.wav,0.0
333_0.wav,1.0
333_1.wav,1.0
333_2.wav,1.0
333_3.wav,1.0
333_4.wav,0.0
334_0.wav,1.0
334_1.wav,1.0
334_2.wav,1.0
334_3.wav,1.0
334_4.wav,0.0
335_0.wav,1.0
335_1.wav,1.0
335_2.wav,1.0
335_3.wav,1.0
335_4.wav,0.0
336_0.wav,1.0
336_1.wav,1.0
336_2.wav,1.0
336_3.wav,1.0
336_4.wav,0.0
337_0.wav,1.0
337_1.wav,1.0
337_2.wav,0.0
337_3.wav,1.0
337_4.wav,1.0
338_0.wav,1.0
338_1.wav,1.0
338_2.wav,0.0
338_3.wav,1.0
338_4.wav,1.0
339_0.wav,1.0
339_1.wav,1.0
339_2.wav,0.0
339_3.wav,1.0
339_4.wav,1.0
340_0.wav,1.0
340_1.wav,1.0
340_2.wav,0.0
340_3.wav,1.0
340_4.wav,1.0
341_0.wav,0.0
341_1.wav,1.0
341_2.wav,1.0
341_3.wav,1.0
341_4.wav,1.0
342_0.wav,0.0
342_1.wav,1.0
342_2.wav,1.0
342_3.wav,1.0
342_4.wav,1.0
343_0.wav,0.0
343_1.wav,1.0
343_2.wav,1.0
343_3.wav,1.0
343_4.wav,1.0
344_0.wav,0.0
344_1.wav,1.0
344_2.wav,1.0
344_3.wav,1.0
344_4.wav,1.0
345_0.wav,0.0
345_1.wav,1.0
345_2.wav,1.0
345_3.wav,1.0
345_4.wav,1.0
346_0.wav,0.0
346_1.wav,1.0
346_2.wav,1.0
346_3.wav,1.0
346_4.wav,1.0
347_0.wav,0.0
347_1.wav,1.0
347_2.wav,1.0
347_3.wav,1.0
347_4.wav,1.0
348_0.wav,0.0
348_1.wav,1.0
348_2.wav,1.0
348_3.wav,1.0
348_4.wav,1.0
349_0.wav,0.0
349_1.wav,0.0
349_2.wav,0.0
349_3.wav,1.0
349_4.wav,1.0
350_0.wav,0.0
350_1.wav,0.0
350_2.wav,0.0
350_3.wav,1.0
350_4.wav,1.0
351_0.wav,0.0
351_1.wav,0.0
351_2.wav,0.0
351_3.wav,1.0
351_4.wav,1.0
352_0.wav,0.0
352_1.wav,0.0
352_2.wav,0.0
352_3.wav,1.0
352_4.wav,1.0
53_0.wav,0.0
53_1.wav,1.0
53_2.wav,1.0
53_3.wav,0.0
53_4.wav,0.0
54_0.wav,0.0
54_1.wav,1.0
54_2.wav,1.0
54_3.wav,0.0
54_4.wav,0.0
55_0.wav,0.0
55_1.wav,1.0
55_2.wav,1.0
55_3.wav,0.0
55_4.wav,0.0
56_0.wav,0.0
56_1.wav,1.0
56_2.wav,1.0
56_3.wav,0.0
56_4.wav,0.0
57_0.wav,1.0
57_1.wav,1.0
57_2.wav,1.0
57_3.wav,1.0
57_4.wav,0.0
58_0.wav,1.0
58_1.wav,1.0
58_2.wav,1.0
58_3.wav,1.0
58_4.wav,0.0
59_0.wav,1.0
59_1.wav,1.0
59_2.wav,1.0
59_3.wav,1.0
59_4.wav,0.0
60_0.wav,1.0
60_1.wav,1.0
60_2.wav,1.0
60_3.wav,1.0
60_4.wav,0.0
61_0.wav,0.0
61_1.wav,1.0
61_2.wav,1.0
61_3.wav,1.0
61_4.wav,1.0
62_0.wav,0.0
62_1.wav,1.0
62_2.wav,1.0
62_3.wav,1.0
62_4.wav,1.0
63_0.wav,0.0
63_1.wav,1.0
63_2.wav,1.0
63_3.wav,1.0
63_4.wav,1.0
64_0.wav,0.0
64_1.wav,1.0
64_2.wav,1.0
64_3.wav,1.0
64_4.wav,1.0
65_0.wav,1.0
65_1.wav,1.0
65_2.wav,0.0
65_3.wav,1.0
65_4.wav,1.0
66_0.wav,1.0
66_1.wav,1.0
66_2.wav,0.0
66_3.wav,1.0
66_4.wav,1.0
67_0.wav,1.0
67_1.wav,1.0
67_2.wav,0.0
67_3.wav,1.0
67_4.wav,1.0
68_0.wav,1.0
68_1.wav,1.0
68_2.wav,0.0
68_3.wav,1.0
68_4.wav,1.0
69_0.wav,0.0
69_1.wav,1.0
69_2.wav,1.0
69_3.wav,0.0
69_4.wav,1.0
70_0.wav,0.0
70_1.wav,1.0
70_2.wav,1.0
70_3.wav,0.0
70_4.wav,1.0
71_0.wav,0.0
71_1.wav,1.0
71_2.wav,1.0
71_3.wav,0.0
71_4.wav,1.0
72_0.wav,0.0
72_1.wav,1.0
72_2.wav,1.0
72_3.wav,0.0
72_4.wav,1.0
73_0.wav,0.0
73_1.wav,1.0
73_2.wav,1.0
73_3.wav,1.0
73_4.wav,1.0
74_0.wav,0.0
74_1.wav,1.0
74_2.wav,1.0
74_3.wav,1.0
74_4.wav,1.0
75_0.wav,0.0
75_1.wav,1.0
75_2.wav,1.0
75_3.wav,1.0
75_4.wav,1.0
76_0.wav,0.0
76_1.wav,1.0
76_2.wav,1.0
76_3.wav,1.0
76_4.wav,1.0
77_0.wav,0.0
77_1.wav,1.0
77_2.wav,1.0
77_3.wav,1.0
77_4.wav,1.0
78_0.wav,0.0
78_1.wav,1.0
78_2.wav,1.0
78_3.wav,1.0
78_4.wav,1.0
79_0.wav,0.0
79_1.wav,1.0
79_2.wav,1.0
79_3.wav,1.0
79_4.wav,1.0
80_0.wav,0.0
80_1.wav,1.0
80_2.wav,1.0
80_3.wav,1.0
80_4.wav,1.0
81_0.wav,1.0
81_1.wav,1.0
81_2.wav,1.0
81_3.wav,1.0
81_4.wav,1.0
82_0.wav,1.0
82_1.wav,1.0
82_2.wav,1.0
82_3.wav,1.0
82_4.wav,1.0
83_0.wav,1.0
83_1.wav,1.0
83_2.wav,1.0
83_3.wav,1.0
83_4.wav,1.0
84_0.wav,1.0
84_1.wav,1.0
84_2.wav,1.0
84_3.wav,1.0
84_4.wav,1.0
85_0.wav,1.0
85_1.wav,1.0
85_2.wav,1.0
85_3.wav,1.0
85_4.wav,1.0
86_0.wav,1.0
86_1.wav,1.0
86_2.wav,1.0
86_3.wav,1.0
86_4.wav,1.0
87_0.wav,1.0
87_1.wav,1.0
87_2.wav,1.0
87_3.wav,1.0
87_4.wav,1.0
88_0.wav,1.0
88_1.wav,1.0
88_2.wav,1.0
88_3.wav,1.0
88_4.wav,1.0
89_0.wav,0.0
89_1.wav,1.0
89_2.wav,1.0
89_3.wav,0.0
89_4.wav,1.0
90_0.wav,0.0
90_1.wav,1.0
90_2.wav,1.0
90_3.wav,0.0
90_4.wav,1.0
91_0.wav,0.0
91_1.wav,1.0
91_2.wav,1.0
91_3.wav,0.0
91_4.wav,1.0
92_0.wav,0.0
92_1.wav,1.0
92_2.wav,1.0
92_3.wav,0.0
92_4.wav,1.0
93_0.wav,0.0
93_1.wav,1.0
93_2.wav,1.0
93_3.wav,0.0
93_4.wav,0.0
94_0.wav,0.0
94_1.wav,1.0
94_2.wav,1.0
94_3.wav,0.0
94_4.wav,0.0
95_0.wav,0.0
95_1.wav,1.0
95_2.wav,1.0
95_3.wav,0.0
95_4.wav,0.0
96_0.wav,0.0
96_1.wav,1.0
96_2.wav,1.0
96_3.wav,0.0
96_4.wav,0.0
97_0.wav,1.0
97_1.wav,1.0
97_2.wav,0.0
97_3.wav,0.0
97_4.wav,0.0
98_0.wav,1.0
98_1.wav,1.0
98_2.wav,0.0
98_3.wav,0.0
98_4.wav,0.0
99_0.wav,1.0
99_1.wav,1.0
99_2.wav,0.0
99_3.wav,0.0
99_4.wav,0.0
